AREA_HIDRO,count,min,max,range,mean,stddev
(No data),2,26.01643836,26.01643836,0,26.01643836,0
Caribe,995,0,88.35342466,88.35342466,27.51176705,21.3720119
Amazonas,274,0.076712329,69.92328767,69.84657534,28.91116888,18.36342954
Magdalena Cauca,6628,0,126.0465753,126.0465753,30.28197601,23.296774
Orinoco,950,0,124.1808219,124.1808219,30.91545494,21.13524177
Pacifico,495,0.032876712,111.0356164,111.0027397,32.34648955,22.57978303
